{"entities":{"pages":{"Starting":{"id":"Starting","title":"About Project","url":"starting.html","level":0,"pages":["API","Database"],"tabIndex":0},"API":{"id":"API","title":"API","url":"api.html","level":1,"parentId":"Starting","tabIndex":0},"Database":{"id":"Database","title":"Database","url":"database.html","level":1,"parentId":"Starting","tabIndex":1},"Default-topic":{"id":"Default-topic","title":"This is the first topic","url":"default-topic.html","level":0,"pages":["Nevim"],"tabIndex":1},"Nevim":{"id":"Nevim","title":"Nevim!","url":"nevim.html","level":1,"parentId":"Default-topic","tabIndex":0},"Testuji":{"id":"Testuji","title":"Testuji","url":"testuji.html","level":0,"tabIndex":2}}},"topLevelIds":["Starting","Default-topic","Testuji"]}